image,caption
1001.jpg,a plate of food on a desk with a laptop and a cup of coffee
1002.jpg,a woman sitting at a desk with a computer
1003.jpg,a woman walking her dog on the beach
1004.jpg,two boys playing in the sand
1005.jpg,a blue couch
1006.jpg,a cat eating grass from a bowl
1007.jpg,a stuffed panda bear sitting on a bed next to a card
1008.jpg,a dog sitting at a table with a bowl of food
1009.jpg,a small puppy standing on top of a wooden barrel
1010.jpg,a man walks past a store
1011.jpg,a group of people sitting on a bus
1012.jpg,a small dog laying on a blue rug
1013.jpg,a tree with no leaves
1014.jpg,a toilet with a green bucket and a window
1015.jpg,a bowl of salad
1016.jpg,a bedroom with a bed and a dresser
1017.jpg,two girls walking on a concrete wall
1018.jpg,a baseball player sliding into home plate
1019.jpg,two cats playing with a couch
1020.jpg,a girl reading a book
1021.jpg,a sandwich with meat and salad on a plate
1022.jpg,a woman sitting on the curb of a road
1023.jpg,"person, left, and person play a game of pool"
1024.jpg,a dog is sitting in a chair with a tissue
1025.jpg,a young boy is holding a goat in his hands
1026.jpg,a pan of chicken in a pan on a stove
1027.jpg,a helicopter is flying over a vehicle in the snow
1028.jpg,"lebron, cakir lead heat to win over jazzs"
1029.jpg,a plane is parked on the runway at an airport
1030.jpg,a white bowl of cereal
1031.jpg,a bunch of pup
1032.jpg,a living room with couches and a fan
1033.jpg,a man walking on the beach with sail boats in the background
1034.jpg,two men in blue work on a large machine
1035.jpg,a plate of food on a table with a cup of coffee
1036.jpg,"a cell, a wallet, a key, and a cell"
1037.jpg,a bird standing on the sand next to a bottle
1038.jpg,a dog standing in front of a gate
1039.jpg,tennis player returns to the world
1040.jpg,a metal pitcher and some fruit on a counter
1041.jpg,a man feeding a bird on top of a mountain
1042.jpg,a little girl in a red dress
1043.jpg,a glass of peach and a peach cocktail
1044.jpg,a stove with a pot of food on it
1045.jpg,a man and a child playing in the sand
1046.jpg,two people in the ocean
1047.jpg,a group of people standing on a beach
1048.jpg,a woman sitting at a table drinking a cup of coffee
1049.jpg,"a shelf with pots, uts and uts on it"
1050.jpg,three children playing in the sand on the beach
1051.jpg,a man and woman sitting at a table
1052.jpg,three children sitting on the floor with bowls of food
1053.jpg,a man and woman standing in front of a wall with a clock
1054.jpg,a small dog playing with a soccer ball
1055.jpg,a silhouette of a man playing baseball with a child
1056.jpg,a man sitting on a bench in front of a store
1057.jpg,a sign on a road with a car driving by
1058.jpg,people walking on the beach at sunset
1059.jpg,two young boys sitting on a couch holding signs that say ' drink safe '
1060.jpg,two children laying on the grass with a soccer ball
1061.jpg,a homeless dog waits for his master to come home
1062.jpg,a volleyball ball on the beach with a lifeguard chair
1063.jpg,a vase with flowers and a picture frame on a table
1064.jpg,a man laying on the beach next to a sign
1065.jpg,a laptop computer
1066.jpg,a plate of cake and a cup of coffee
1067.jpg,a plate of pasta with tomato sauce and a glass of wine
1068.jpg,a dog sitting at a table on the beach
1069.jpg,a man and his dog on the beach
1070.jpg,a person sitting at a table with a cup of coffee
1071.jpg,two children playing in the sand at the beach
1072.jpg,a girl jumping in the air at sunset
1073.jpg,a penguin is playing with a soccer ball
1074.jpg,a person is playing with a ball on the beach
1075.jpg,the girls are playing with a ball in the field
1076.jpg,a dog laying on the floor next to a tablet
1077.jpg,a man sitting at a desk with a laptop
1078.jpg,a woman sitting at a table with a plate of food
1079.jpg,a car driving down the street with a sign
1080.jpg,a dog laying on the ground with a rifle and a duck
1081.jpg,a group of people playing a game of fr frc
1082.jpg,a hummingbird flying over a rose
1083.jpg,a young boy playing in the snow with a fr fr fr fr fr fr fr fr fr fr fr fr fr fr fr fr fr fr fr fr fr fr fr fr fr fr fr fr fr fr fr
1084.jpg,a cat walking across a beach
1085.jpg,a woman walking two dogs down a path
1086.jpg,a white stove
1087.jpg,"a bedroom with a bed, chair and a window"
1088.jpg,a man and woman riding bikes next to a large cruise ship
1089.jpg,a man playing a guitar
1090.jpg,a small child standing next to a big dog
1091.jpg,a living room with couches and a fireplace
1092.jpg,a plant on a wooden shelf next to a painting
1093.jpg,a plate of food and a book on a table
1094.jpg,a man in a coat and hat looking at his cell
1095.jpg,a man playing guitar on a stage in front of a building
1096.jpg,a man sitting at a table with a laptop
1097.jpg,a small dog laying in the grass with a ball
1098.jpg,a laptop and a phone on a desk
1099.jpg,a basket with a flower and a magazine on top
1100.jpg,a woman sitting at a table with a drink
1101.jpg,two boys playing in the water
1102.jpg,three men sitting at a table
1103.jpg,three people sitting in chairs playing accordions
1104.jpg,a wooden table
1105.jpg,a large painting on the wall
1106.jpg,a man laying on a bed with a laptop and a dog
1107.jpg,a woman sitting at a desk using a computer
1108.jpg,a woman holding a bowl of food in her hands
1109.jpg,a yellow chair and a blue bag on the grass
1110.jpg,two little girls sitting on a bed
1111.jpg,a football player is about to throw the ball
1112.jpg,a woman walking a dog down a street
1113.jpg,a man kneeling down on the ground with a paint can
1114.jpg,two girls skate down a street in the city
1115.jpg,a woman is jumping off a rock into the ocean
1116.jpg,a kitchen with black tile and green accents
1117.jpg,a man sitting at a table with a laptop and a sandwich
1118.jpg,a laptop computer
1119.jpg,a group of people holding plates of food
1120.jpg,a bike parked against a garage door in the middle of the city
1121.jpg,two people standing in front of a sign
1122.jpg,a cat eating food out of a plate in a kitchen
1123.jpg,a dog is walking on the beach with a plastic bottle
1124.jpg,a group of young women playing tennis on a tennis court
1125.jpg,a young boy holding a guitar in his hand
1126.jpg,a man playing pool
1127.jpg,a man eating a dough with powdered sugar on it
1128.jpg,a bird sitting on a bag
1129.jpg,a small dog standing on top of a wooden chair
1130.jpg,a man is handing a bowl of flowers to another man
1131.jpg,person is listed as the most professional tennis player in the world
1132.jpg,a man in a green shirt and sunglasses singing into a microphone
1133.jpg,"a table with a cup of tea, lemons and a can of soda"
1134.jpg,a white chair with a monitor on it
1135.jpg,a woman in a green shirt and black shorts playing soccer
1136.jpg,a group of men sitting around a table
1137.jpg,a plate with two slices of cake on it
1138.jpg,a man playing drums
1139.jpg,a man playing frurd with a dog
1140.jpg,a group of people dressed as a rabbit
1141.jpg,a woman in a kitchen preparing food
1142.jpg,a todd playing with toys on the floor
1143.jpg,a piece of cheese on a plate next to a cup of coffee
1144.jpg,a pineapple and a pineapple drink on a table
1145.jpg,a man sitting on a wooden table with a red light
1146.jpg,a man and a child are standing next to a sign
1147.jpg,a woman and a child playing with a stuffed animal
1148.jpg,a dog is sitting next to a bowl of food
1149.jpg,a table with a variety of food on it
1150.jpg,a man in a green uniform and blue gloves is looking at a small turtle on the beach
1151.jpg,a banana and a banana peel on a cutting board
1152.jpg,a plate with a plate of food and a book
1153.jpg,"a laptop computer sitting on a desk with a book, mouse, and mouse"
1154.jpg,a young girl is playing with a monkey
1155.jpg,a couple of kids walking on a beach
1156.jpg,a man and a child playing pool
1157.jpg,a group of people playing instruments in a room
1158.jpg,a woman is feeding a dog in a bucket
1159.jpg,two men are sitting at a table with a bowling ball
1160.jpg,a woman sitting on the road with her legs crossed
1161.jpg,a woman sitting in a chair with two men standing behind her
1162.jpg,two boys holding up a clock with a sign on it
1163.jpg,a woman is standing next to a sign
1164.jpg,a person flying a kite on the beach
1165.jpg,a woman standing in a yard with a camera
1166.jpg,a red bowl and a black kettle on a blue table
1167.jpg,a man holding a child and an eagle
1168.jpg,a person is holding chops over a plate of sui
1169.jpg,two girls playing soccer on a field
1170.jpg,a boy and a girl sitting on a couch playing with a tablet
1171.jpg,a watch and a cell phone on a black surface
1172.jpg,a man running on the beach
1173.jpg,a man riding a bike down the road
1174.jpg,a pink couch
1175.jpg,a large elk crossing the road
1176.jpg,a group of people walking down a snow covered street
1177.jpg,two women are posing for the camera in a booth
1178.jpg,a little girl sitting at a table with a cup and a spoon
1179.jpg,a vase of flowers on a table with a remote control
1180.jpg,three boys standing in the dirt near a field
1181.jpg,a man sitting on the sidewalk next to a sign
1182.jpg,a woman in a blue dress
1183.jpg,a woman standing next to a fire
1184.jpg,a young boy standing in a room with a toy
1185.jpg,a baseball player is throwing a ball
1186.jpg,a little girl is playing with some balls
1187.jpg,a man and woman eating food outside
1188.jpg,a group of people in white outfits holding a torch
1189.jpg,a woman sitting at a table with a drink
1190.jpg,a young boy is holding a toothbrush
1191.jpg,two children playing on the beach
1192.jpg,a plate with a spoon and a small dish of food
1193.jpg,a white shelf with vases and a painting on it
1194.jpg,referee person is shown red by referee person after the final whistle
1195.jpg,a couple running on the beach
1196.jpg,a baseball player swinging a bat at a ball
1197.jpg,a woman and a child walking down a street
1198.jpg,two cats sitting at a table
1199.jpg,a patio with a table and chairs under an umbrella
1200.jpg,a woman standing on a pier next to a bird
1201.jpg,two hamburgers and fries are on a table
1202.jpg,two birds are flying over the water in the marsh
1203.jpg,a group of people playing soccer on the beach
1204.jpg,two men sitting at a table with a sign
1205.jpg,a young boy holding an apple in his hand
1206.jpg,a little girl playing in the sand on the beach
1207.jpg,a group of young people playing a game of basketball
1208.jpg,a cat sitting on a table next to a cell
1209.jpg,a computer keyboard
1210.jpg,a white table
1211.jpg,"a computer desk with a monitor, mouse and keyboard"
1212.jpg,a woman in a red bikini is playing volleyball
1213.jpg,a woman riding a surf board on a wave
1214.jpg,a car driving down a road with two elk
1215.jpg,a woman sitting on a couch with a dog on her lap
1216.jpg,a car is on the side of a dirt road
1217.jpg,a bunch of games and accessories
1218.jpg,a group of children sitting around a birthday cake
1219.jpg,a man in a white shirt and tan pants is standing in front of a helicopter
1220.jpg,a couple of kids walking on a beach
1221.jpg,"a desk with a computer, a phone and a bowl of strawberries"
1222.jpg,a boy sliding into base
1223.jpg,a man holding a flag
1224.jpg,a woman sitting on a concrete ledge
1225.jpg,a sailer and a dog on the beach in the bay area of san
1226.jpg,a man in a hat and a man in a shirt on a beach
1227.jpg,a man reading a newspaper while drinking a cup of coffee
1228.jpg,a woman running on the beach with a dog
1229.jpg,a cup of coffee and a pastry on a table
1230.jpg,a small table with a vase and a book on it
1231.jpg,a dog laying on a couch with a laptop
1232.jpg,a man standing in a field with a tree
1233.jpg,"person, of person, competes in the girls 100 meter dash during the class 3a championships at the state track and field meet at the track is"
1234.jpg,a bowl of red liquid
1235.jpg,flowers in a glass vase on a wooden table
1236.jpg,a dog sitting on a desk with a laptop and a tray of food
1237.jpg,a man sitting on the grass
1238.jpg,a woman in a wet suit is running through a puddle
1239.jpg,a plate of food with a piece of fruit on it
1240.jpg,a woman playing violin in the woods
1241.jpg,a man standing in front of a building
1242.jpg,a helicopter on the beach
1243.jpg,a red fire hydrant sitting next to a road closed sign
1244.jpg,a woman sitting on the beach reading a book
1245.jpg,a wooden box with a radio on it
1246.jpg,a cup of coffee and two pistols
1247.jpg,a purple bowl with a purple handle
1248.jpg,a man kneeling down to pet a dog
1249.jpg,a woman running on the beach at sunset
1250.jpg,a bowl of oats and an apple
1251.jpg,a bed or beds in a room at hotel la rocta
1252.jpg,a young boy playing with a bat and ball
1253.jpg,a man in a yellow helmet driving a race car
1254.jpg,a man in a white shirt playing snooker
1255.jpg,two women standing on the side of a road holding signs
1256.jpg,a pumpkin and two small pumpkins sitting on a bench
1257.jpg,a wooden swing set with two children playing on it
1258.jpg,a man in white shirt playing cricket on grass
1259.jpg,a dog sitting on a couch with a book
1260.jpg,a group of women playing basketball on a court
1261.jpg,a family watching a movie in the backyard
1262.jpg,a table with a plate of food and glasses
1263.jpg,a man and woman eating at a table
1264.jpg,an elephant and her baby are silhouetted against the setting sun
1265.jpg,a woman walking her dog down the street
1266.jpg,a plant and a box of cigarettes sit on a window si
1267.jpg,a girl standing next to a pot on a stove
1268.jpg,a man walks on the beach with a rainbow flag
1269.jpg,a helicopter is flying over a soldier
1270.jpg,a plate of potato chips
1271.jpg,a tree that has fallen down on a car
1272.jpg,a towel on a table
1273.jpg,a cat laying on a laptop on a couch
1274.jpg,a soccer player catching the ball in the air
1275.jpg,a vase of flowers sits on a table next to a door
1276.jpg,two monitors on a desk with a lamp and a computer
1277.jpg,a woman sitting on a bench with a dog
1278.jpg,two children eating food on the beach
1279.jpg,a boy and his dog are sitting on the floor
1280.jpg,a fire pit with a pot on top of it
1281.jpg,a bowl of chers and a book on a table
1282.jpg,a woman sitting at a table with two children
1283.jpg,a picture of a cat on a desk
1284.jpg,a woman and a man standing next to a road closed sign
1285.jpg,two men sitting at a table playing cards
1286.jpg,a man and woman standing in front of a window
1287.jpg,a woman reading a book
1288.jpg,a sandwich and a soda on a table
1289.jpg,a woman walking two children on a leash
1290.jpg,a man playing tennis
1291.jpg,a man and woman standing in front of a table with plates
1292.jpg,a woman and a girl sitting on the floor with a dog
1293.jpg,a small sailer is seen in the water
1294.jpg,a man standing next to a sign in the desert
1295.jpg,a man and a little girl sitting on a couch
1296.jpg,"a table with a bowl of cereal, a book, a spoon and a glass of beer"
1297.jpg,a man in yellow and black uniform playing hockey
1298.jpg,a laptop computer
1299.jpg,two cats sitting on a kitchen counter
1300.jpg,a woman sitting at a table
1301.jpg,two girls sitting on the sidewalk with their bags
1302.jpg,a man is playing with a white tiger in the water
1303.jpg,two people are surfing in the ocean
1304.jpg,a girl in a kitchen
1305.jpg,a glass of beer and a book on a table
1306.jpg,"a cup of coffee, a cell and a cell phone"
1307.jpg,a fish and some food on a counter
1308.jpg,two girls sitting on the beach reading books
1309.jpg,a desk with a laptop and a monitor
1310.jpg,two women sitting at a table
1311.jpg,a horse grazing on a grassy hill
1312.jpg,two men playing soccer on a field
1313.jpg,a vase with a flower and a fig
1314.jpg,two chairs in front of a wall with a mirror
1315.jpg,a plate of food on a table with a glass of beer
1316.jpg,"a computer desk with a monitor, keyboard and mouse"
1317.jpg,a bowl of mango jam with a spoon
1318.jpg,a man standing on a street
1319.jpg,a woman laying on the grass with her cell
1320.jpg,a little girl laying on a bed with a stuffed animal
1321.jpg,a book with a picture of a woman on it
1322.jpg,a computer desk with a monitor and a laptop
1323.jpg,two paintings on a wall next to a lamp
1324.jpg,a computer desk with a monitor and speakers
1325.jpg,a man holding a book
1326.jpg,a man and a little girl in a pool
1327.jpg,a girl sitting on the floor
1328.jpg,a white desk with a computer and a mouse
1329.jpg,a woman and a child playing on the beach
1330.jpg,a man feeding a bird with his hand
1331.jpg,a woman and a young girl reading a book by the water
1332.jpg,a clock and some moss on a table
1333.jpg,a woman and a baby in a bathtub
1334.jpg,"a desk with a cup, pen holder, and a pencil holder"
1335.jpg,two men in suits and ties are talking
1336.jpg,"image may 5, 2006 person, person, person, person and person of the beach boys at the beach boys, person, person, person, person, person, person, person, person, person"
1337.jpg,a guitar and a chair in a room
1338.jpg,a woman and two children in a pool
1339.jpg,two people are playing guitars in a room
1340.jpg,a man and a little girl are walking down a long hallway
1341.jpg,a woman in a lab coat is holding a stick
1342.jpg,a woman sitting on the beach with a sail
1343.jpg,a man walking down the street in front of a building
1344.jpg,a little boy sitting at a table with bowls of food
1345.jpg,a man sitting on the sidewalk with a guitar
1346.jpg,a woman in a field with a bag
1347.jpg,a fire pit with a chalk drawing on it
1348.jpg,a woman running with a dog on a leash
1349.jpg,a cat eating a hamburger
1350.jpg,a woman holding a parrot in her hand
1351.jpg,a man is sitting at a desk with a book
1352.jpg,a young boy sitting at a table eating a piece of pizza
1353.jpg,a candle is lit in the bathtub with a book and a candle
1354.jpg,a little girl playing with a dog in the grass
1355.jpg,a man and woman cutting watermelon
1356.jpg,a man and a small child are standing next to a horse
1357.jpg,a person is eating food on a plate
1358.jpg,a little girl standing in a room with a wall
1359.jpg,person and person on the beach in miami
1360.jpg,a woman standing in a kitchen with a wine bottle
1361.jpg,a woman and a child sitting at a table
1362.jpg,a plate of food on a table with milk and milk
1363.jpg,a laptop on a table
1364.jpg,a man riding a motorcycle down a road
1365.jpg,a man pouring a drink
1366.jpg,two boys playing in the grass
1367.jpg,a young boy laying on a couch with a cell in his hand
1368.jpg,two men sitting at a table talking
1369.jpg,a computer desk with a chair and a computer
1370.jpg,a man kneeling down to a deer
1371.jpg,a cup of coffee
1372.jpg,a laptop on a wooden table with a vase and a vase
1373.jpg,a boy and a boy holding balloons in the street
1374.jpg,a boy and his dog are sitting on the floor
1375.jpg,an elephant crossing the road in front of a car
1376.jpg,a woman eating a sandwich and drinking a drink
1377.jpg,a black cat sitting in a pan on a stove
1378.jpg,a woman reading a book
1379.jpg,a woman holding a box in her hands
1380.jpg,a man in a helmet and white shirt playing cricket
1381.jpg,a plate with a pine design
1382.jpg,a woman sitting at a desk with a computer
1383.jpg,a bed with a white comforter
1384.jpg,a desk lamp with a book and pencils
1385.jpg,a baby sitting on a high chair playing with a toy
1386.jpg,a group of men playing instruments in a room
1387.jpg,a cup of coffee and a dont dont
1388.jpg,a computer monitor on a desk
1389.jpg,two women holding signs on the side of a road
1390.jpg,two kids playing in a pool with a fr frc
1391.jpg,a plate of cookies and a cup of coffee on a table
1392.jpg,a man playing snooker
1393.jpg,a blue table with books and a vase on top
1394.jpg,"a desk with a laptop, monitor, and other electronics"
1395.jpg,a man and woman standing in front of a sign
1396.jpg,"a laptop, a cell phone, a magazine, a pen, a pen, a pen and a pen"
1397.jpg,a chair and a box of baby box
1398.jpg,two little girls playing in the sand on the beach
1399.jpg,two fish on a cutting board with a knife
1400.jpg,a pink booth with a table and a remote control
1401.jpg,a man in a gray shirt
1402.jpg,a deer crossing the road
1403.jpg,a car driving down a road next to a grain mill
1404.jpg,a cat sitting in a kitchen next to a coffee maker
1405.jpg,a woman laying on a couch using a laptop
1406.jpg,a man in a blue shirt paddles a red ball on a paddle board
1407.jpg,a woman in a blue shirt
1408.jpg,basketball player dribing the ball against basketball player
1409.jpg,a little girl holding a cell phone
1410.jpg,"a glass jar, spoon, and a spoon with a spoon in it"
1411.jpg,a donkey crossing the road
1412.jpg,a person sitting at a table with a book and a glass of wine
1413.jpg,a man walks past a military vehicle
1414.jpg,a small dog standing next to a bottle of beer
1415.jpg,a man standing in front of a projection screen
1416.jpg,a miniature table with food on it
1417.jpg,a laptop computer sitting on top of a wooden desk
1418.jpg,a child sitting at a table
1419.jpg,a boy kicking a soccer ball on the beach
1420.jpg,a man jumping over a dog on top of a tram tram
1421.jpg,a woman and a child sitting on the floor
1422.jpg,a man is trying to get his car out of the water
1423.jpg,a cup and saucer on a table
1424.jpg,a cat laying on top of a bed next to a book
1425.jpg,two children are cooking over a fire in the woods
1426.jpg,a wa wa is being cooked in a wa wa wa wa wa wa wa wa wa wa wa wa wa
1427.jpg,a woman standing in front of a wall with paintings
1428.jpg,a plate with a flower and a lemon on it
1429.jpg,two women playing volleyball on the beach
1430.jpg,a woman in a hospital bed
1431.jpg,a woman in a white dress standing next to a bottle of alcohol
1432.jpg,a girl is cutting out a piece of paper
1433.jpg,a woman sitting on the ground playing a guitar
1434.jpg,a group of people walking on a beach with dogs
1435.jpg,a woman walking across the street in front of a car
1436.jpg,a man in a hard hat and safety vest is holding a stop sign
1437.jpg,a man is parading with an american flag
1438.jpg,a woman leaning against a blue wall with a street sign
1439.jpg,a soldier aims a target at a target
1440.jpg,a man standing next to a surfboard on a beach
1441.jpg,a woman sitting on the ground with a tiger
1442.jpg,a man playing a violin on the street
1443.jpg,a woman standing on a ladder
1444.jpg,two girls in a gym
1445.jpg,a man sitting at a table with a laptop
1446.jpg,a woman playing a guitar under a tree
1447.jpg,a little girl is playing with a toy
1448.jpg,a man playing snooker
1449.jpg,a pink mixer sitting on top of a wooden counter
1450.jpg,a man playing soccer on the beach
1451.jpg,a woman sitting on the beach reading a book
1452.jpg,a small wooden animal with a tag on it
1453.jpg,a woman sitting on a sidewalk with a dog
1454.jpg,a woman walking across a field with a van in the background
1455.jpg,a woman in blue shirt and white shorts playing tennis
1456.jpg,a table with a variety of fruits and a box of yories
1457.jpg,a lamp and a table with a lamp on it
1458.jpg,a red table with a spray can and a spray can
1459.jpg,a little girl eating a meal of food
1460.jpg,two men are jumping into the water with surfboards
1461.jpg,a woman standing in front of a glass door
1462.jpg,a man in a suit and hat talking to another man
1463.jpg,a man and woman standing next to a road sign
1464.jpg,a woman is working on a fish
1465.jpg,a woman sitting on a bench in front of a fountain
1466.jpg,a person cutting a bun on a plate
1467.jpg,a woman reading a book to a child
1468.jpg,a basketball player is shooting the ball
1469.jpg,a table with a glass vase and flowers
1470.jpg,a yellow caution sign
1471.jpg,"a room with a bed, a chair, and a lamp"
1472.jpg,a young boy is playing soccer on the field
1473.jpg,a white bird standing on top of a boat
1474.jpg,a man walking on a beach next to a boat
1475.jpg,two young girls playing soccer on a field
1476.jpg,a window with a star on it
1477.jpg,a little girl walking with her dog on the beach
1478.jpg,a woman is standing on the beach next to a no swimming sign
1479.jpg,a woman petting a dog outside
1480.jpg,a woman sitting at a table with a plate of food
1481.jpg,a man eating food on the grass
1482.jpg,two people are sitting on the beach watching the sunset
1483.jpg,a woman running on a track
1484.jpg,a group of people sitting at a table
1485.jpg,a woman in a headscarves sits at a computer
1486.jpg,a man in a yellow jacket is cleaning a red car
1487.jpg,a guitar and a bottle of wine on a table
1488.jpg,a desk with a laptop and a lamp
1489.jpg,a laptop computer sitting on a desk next to a lamp
1490.jpg,a cat sleeping in a bathroom with a bowl
1491.jpg,a man standing in front of a store
1492.jpg,a lamp with a flower in it
1493.jpg,a man and a little girl laying on a blue blanket
1494.jpg,a cup with a sticker and a ball on a table
1495.jpg,two people sitting on a bench in front of a building
1496.jpg,a bird sitting on top of a sign near the water
1497.jpg,a group of people playing a game of volleyball
1498.jpg,a man in a white shirt and hat standing next to an airplane
1499.jpg,a motorcycle parked on the side of a road next to a sign
1500.jpg,a man standing at a podium with a laptop
1501.jpg,a man and woman sitting on a couch with a baby
1502.jpg,a man in a straw hat holding a digital therm
1503.jpg,a woman standing in a hallway with a coat on
1504.jpg,a bottle of coke and a glass of coke on a table
1505.jpg,a man sitting at a desk with two monitors
1506.jpg,two people in the ocean with surfboards
1507.jpg,a deer crosses the street in front of a car
1508.jpg,a cat sitting on a table next to a bunch of bananas and oranges
1509.jpg,a man holding a pumpkin in a warehouse
1510.jpg,a man sitting on the curb of a race track
1511.jpg,a table with a bunch of items on it
1512.jpg,a desk with a laptop and a mouse
1513.jpg,a young boy playing with a drum
1514.jpg,a woman and a man are walking their dogs
1515.jpg,a table with a lamp and a tea pot
1516.jpg,a laptop computer sitting on a kitchen counter
1517.jpg,a girl sitting on a skateboard
1518.jpg,a coat rack with books on it
1519.jpg,a cup on a table
1520.jpg,a knife and a bowl of food on a table
1521.jpg,a girl in a soccer game about to kick the ball
1522.jpg,a baby sitting at a table with a plastic container
1523.jpg,a table with a tea cup and saucer
1524.jpg,a man and woman eating food on a bed
1525.jpg,two boys are looking at a computer screen
1526.jpg,two dogs sitting next to a sign that says puppy training classes
1527.jpg,a woman taking a picture of herself in the mirror
1528.jpg,a plate with two butterflies and a banana
1529.jpg,two boys laying on a couch
1530.jpg,two children playing with a jar of water
1531.jpg,two girls playing soccer on a field
1532.jpg,a little girl is cooking in the kitchen
1533.jpg,a man is pulling a horse on the beach
1534.jpg,a laptop computer sitting on a desk with a cell and a cell
1535.jpg,a man holding a trophy in his hand
1536.jpg,a young boy eating a bowl of food
1537.jpg,a dog running on the beach with people in the background
1538.jpg,a living room with a couch and a glass table
1539.jpg,a toy is sitting on a desk next to a cell
1540.jpg,a woman and child sitting on the ground with a parrot
1541.jpg,two wooden chairs sitting next to each other chairs
1542.jpg,a young girl playing with a ball on the beach
1543.jpg,three people standing next to a bike in a field
1544.jpg,two men are playing with sticks on the beach
1545.jpg,two women sitting at a desk with a computer
1546.jpg,two men are talking in front of a microphone
1547.jpg,comic cons comic cons comic cons comic cons comic cons comic cons comic cons comic cons comic cons comic
1548.jpg,a coffee cup and a radio on a counter
1549.jpg,a woman taking a picture of a kangaroo
1550.jpg,two boys sitting on a couch reading a book
1551.jpg,a bear walking along a road in the mountains
1552.jpg,a man in camouflage gear is holding a deer
1553.jpg,a little boy sitting at a table eating a piece of cake
1554.jpg,a wall mounted shelf with three square shelves
1555.jpg,tiger woods golf tournament
1556.jpg,a small house with a blue aw aw aw aw aw aw aw aw aw aw aw aw aw aw aw
1557.jpg,a book and a bowl of blueberries next to a glass of milk
1558.jpg,a young boy jumps in the air as he crosses a road
1559.jpg,a table with vegetables and signs on it
1560.jpg,"a table with a cup, cell and a cup of coffee"
1561.jpg,two children washing their car
1562.jpg,a boy holding a snake in his hands
1563.jpg,a woman sitting on a chair
1564.jpg,a dog laying on a couch with a laptop
1565.jpg,a young boy sitting on a bench reading a book
1566.jpg,a woman is kneeling down on the sidewalk
1567.jpg,a woman sitting at a table
1568.jpg,a person walking on a sidewalk near the ocean
1569.jpg,a boy in a green shirt is riding a bike
1570.jpg,a baby sitting on the floor reading a book
1571.jpg,a man jumping in the air to catch a frc ball
1572.jpg,two little girls sitting on the sand with a bird in their hand
1573.jpg,a woman sitting on a couch with a child
1574.jpg,a chef in a kitchen preparing food
1575.jpg,a man and woman playing a piano outside
1576.jpg,a man in a blue shirt is looking at a cell
1577.jpg,a man holding a baby in a kitchen
1578.jpg,a man is swimming in the ocean near a sign
1579.jpg,a little girl is putting money into a cash machine
1580.jpg,a man is selling fruit on a street
1581.jpg,a knife cutting into an orange with a face
1582.jpg,a large bird walking down the road
1583.jpg,a woman sitting on a couch holding a cat
1584.jpg,a woman walking her dog on the beach
1585.jpg,two business people sitting at a table with coffee
1586.jpg,an old man reading a newspaper on a train
1587.jpg,a man standing on a wooden walkway next to a sign
1588.jpg,two young boys sitting on a bed reading a book
1589.jpg,a watermelon and other items are on the counter
1590.jpg,a man sitting at a desk with a computer
1591.jpg,a wooden manne and a wooden manne sitting on a table
1592.jpg,a couple walking on the beach at sunset
1593.jpg,a man and a young boy sitting on the ground with pumpkins
1594.jpg,two birds are standing on a wooden post
1595.jpg,"a table with a bowl of fruit, a banana, and a measuring cup"
1596.jpg,a woman in a kitchen with a bowl of food
1597.jpg,a man sitting at a table
1598.jpg,a small plastic duck and a small plastic duck
1599.jpg,a cat sitting at a table with a plate and a bottle
1600.jpg,a helicopter lands on the flight deck of the aircraft carrier
1601.jpg,"a desk with a book, a cup and a clock"
1602.jpg,a man is reading a book while standing in front of a microphone
1603.jpg,a man swinging a tennis racket
1604.jpg,a person is writing on a piece of paper
1605.jpg,a man fishing on the beach with a bird nearby
1606.jpg,a man and woman standing under an umbrella
1607.jpg,a red apple sitting on top of coins
1608.jpg,a little girl sitting on the ground with a flower
1609.jpg,a boy is petting a dog in the grass
1610.jpg,a woman sitting at a table with a cell phone
1611.jpg,a man holding a child up in the air
1612.jpg,a table with a vase of flowers and a napkin
1613.jpg,a dog wearing a cat in the hat and a cat in the hat
1614.jpg,two boys holding up books in their hands
1615.jpg,a little girl holding a pumpkin in her hands
1616.jpg,a person sitting at a table with a pen and paper
1617.jpg,a young boy sitting at a table with a plate of food
1618.jpg,a little girl standing in front of a giant pear
1619.jpg,a couple of people standing around a table
1620.jpg,a young boy sitting at a table eating food
1621.jpg,"a table with a laptop, a cell, a cell, a book, a pen, a pen, a cell, a cell, a"
1622.jpg,a white swan swimming in the water
1623.jpg,two little girls are playing with chickens in the yard
1624.jpg,a living room with a couch and two chairs
1625.jpg,"a desk with a computer, keyboard and mouse"
1626.jpg,a man and a young girl sitting on the floor reading a book to a dog
1627.jpg,a woman weightlifting in a competition
1628.jpg,two men playing badminton on a court at night
1629.jpg,a man holding a fish on a boat
1630.jpg,a man walking past a red wall
1631.jpg,"a desk with a laptop, a cell, a pen, a book, a pen and a pen"
1632.jpg,a man in a suit and tie standing in front of a glass wall
1633.jpg,a woman is cooking food in a pot
1634.jpg,a coffee mug on a table
1635.jpg,a truck driving down the road with two cows
1636.jpg,a soccer player kicking a ball on a field
1637.jpg,an elderly woman using a laptop
1638.jpg,a living room with a couch and two stools
1639.jpg,a woman kneeling down to a dog
1640.jpg,a group of people sitting at a picnic table
1641.jpg,a helicopter is being lowered on the flight deck of an aircraft carrier
1642.jpg,a cup of coffee and a cell phone
1643.jpg,a seagul sitting on a pole in the water
1644.jpg,a piece of paper
1645.jpg,"a flashlight, a bottle of liquid, and a piece of paper"
1646.jpg,a man in a suit and tie is handing money to another man
1647.jpg,a baby sitting in a high chair
1648.jpg,two children sitting around a campfire
1649.jpg,a woman and two children sitting on a couch
1650.jpg,a man squats on a road while holding a frc
1651.jpg,"a cell phone, pen, and a wallet on a table"
1652.jpg,a collection of miniature toys
1653.jpg,a basket of zus and zus at a farmers market
1654.jpg,a chair and a book in front of a fireplace
1655.jpg,a wooden doll holding a clock on top of a table
1656.jpg,a table with plates of food and a box of cake
1657.jpg,two children playing with a green toy
1658.jpg,a telephone and a cup on a desk
1659.jpg,a plate of potato chips with a glass of water
1660.jpg,a pink donut on a scale with a fork and knife
1661.jpg,a young boy sitting on a horse shaped inflatable
1662.jpg,three small figuris are sitting on a table
1663.jpg,two people sitting at a table with drinks
1664.jpg,a round tin with a lid
1665.jpg,a glass of beer on a table with a cell phone
1666.jpg,a girl swimming with a dolphin in the water
1667.jpg,a banana with the word ' i love you ' written on it
1668.jpg,a woman is standing at the counter with a man
1669.jpg,a table topped with desserts and a camera
1670.jpg,"a candle, a book and a flower on a table"
1671.jpg,a laptop computer sitting on a desk next to a phone
1672.jpg,a toy helicopter with a bald eagle on top
1673.jpg,a desk with a lamp and a book on it
1674.jpg,"a table with a tea pot, a cup of tea and a picture frame"
1675.jpg,a bowl of food with a small toy on the side
1676.jpg,a man playing a guitar
1677.jpg,"a table with a bowl of popcorn, a bowl of candy, a bowl of candy, and a bowl of candy"
1678.jpg,a laptop computer
1679.jpg,a man wearing a blue shirt
1680.jpg,a group of children in a kitchen preparing food
1681.jpg,a boy sitting on the beach watching a seagul flying a kite
1682.jpg,a young boy playing with a board game
1683.jpg,a puppy standing next to a bowl of food
1684.jpg,a woman in a red dress holding a poster
1685.jpg,a woman and a child sitting on the edge of a pond
1686.jpg,two girls standing on the side of a road
1687.jpg,a table with books and a jar of liquid
1688.jpg,a woman taking a picture of food
1689.jpg,a woman walking on the beach with two dogs
1690.jpg,a desk with a computer and lamp on it
1691.jpg,"a candle, a bottle of perfume and a candle holder"
1692.jpg,a woman sitting on the side of a road next to a road sign
1693.jpg,a woman sitting on a couch with a dog
1694.jpg,two people riding bikes
1695.jpg,a white plate with a piece of bread and a cup of tea
1696.jpg,people are standing on rocks near the water
1697.jpg,a child sitting at a table with a cup of ice
1698.jpg,a woman sitting on a red couch holding a remote control
1699.jpg,a computer desk with a keyboard and mouse
1700.jpg,a man is pouring milk on some meat
